{"cameraMode":{"drawMode":0,"name":"Shaded","section":"Shading Mode"},"sceneLighting":false,"audioPlay":false,"sceneViewState":{"showFog":true,"showMaterialUpdate":false,"showSkybox":false,"showFlares":true,"showImageEffects":true,"showParticleSystems":true,"showVisualEffectGraphs":true,"m_FxEnabled":true},"in2DMode":false,"pivot":{"x":0.15956643223762513,"y":0.2726700007915497,"z":0.11198486387729645},"rotation":{"x":-0.06389135122299195,"y":0.8614867925643921,"z":-0.11200211942195893,"w":-0.4911879599094391},"size":0.17182841897010804,"orthographic":false}