{"cameraMode":{"drawMode":0,"name":"Shaded","section":"Shading Mode"},"sceneLighting":false,"audioPlay":false,"sceneViewState":{"showFog":true,"showMaterialUpdate":false,"showSkybox":true,"showFlares":true,"showImageEffects":true,"showParticleSystems":true,"showVisualEffectGraphs":true,"m_FxEnabled":false},"in2DMode":false,"pivot":{"x":4.3616132736206059,"y":-2.8627171516418459,"z":-0.07807540893554688},"rotation":{"x":0.008262492716312409,"y":-0.9797399044036865,"z":0.1962469220161438,"w":0.04055634140968323},"size":5.9837188720703129,"orthographic":false}