{"cameraMode":{"drawMode":0,"name":"Shaded","section":"Shading Mode"},"sceneLighting":false,"audioPlay":false,"sceneViewState":{"showFog":true,"showMaterialUpdate":false,"showSkybox":true,"showFlares":true,"showImageEffects":true,"showParticleSystems":true},"in2DMode":false,"pivot":{"x":10.96192741394043,"y":-1.1663013696670533,"z":-21.271989822387697},"rotation":{"x":-0.11295198649168015,"y":-0.8848645091056824,"z":0.2851320803165436,"w":-0.35080602765083315},"size":5.9837188720703129,"orthographic":false}